Product,ProductCategory
LG Touchscreen Laptop,Laptops
Acer Aspire ,Laptops
HP  Laptop,Laptops
ASUS Chromebook,Laptops
Apple Macbook Pro,Laptops
Apple MacBook Air,Laptops
Dell Laptop,Laptops
Eluktronics Pro Gaming Laptop,Laptops
Alienware AW17R4-7345SLV-PUS 17 Laptop,Laptops
HP Notebook Touchscreen Laptop PC ,Laptops
Lenovo Desktop Computer,Desktop
iMac,Desktop
HP Desktop,Desktop
ASUS Desktop,Desktop
Dell Desktop,Desktop
Intel Desktop,Desktop
Acer Desktop,Desktop
CYBERPOWER Gamer Desktop,Desktop
Dell 2 Desktop,Desktop
Acer Monitor,Monitors
LG Monitor,Monitors
ASUS Monitor,Monitors
ASUS 2 Monitor,Monitors
Dell Monitor,Monitors
Samsung Monitor,Monitors
Sceptre Monitor,Monitors
ViewSonic Monitor,Monitors
AOC Monitor,Monitors
HP Monitor,Monitors
3-Button Mouse ,Computer Mice 
Logitech Wireless Mouse,Computer Mice 
Microsoft Basic Optical Mouse,Computer Mice 
Logitech 3-button Mouse,Computer Mice 
Redragon Gaming Mouse  ,Computer Mice 
HP Wireless Mouse,Computer Mice 
Generic Black 3-Button,Computer Mice 
Wireless Portable Mouse ,Computer Mice 
Gaming Mouse Professional ,Computer Mice 
Slim Wireless Mouse,Computer Mice 
HP USB Keyboard ,Keyboard
Logitech Wireless Keyboard,Keyboard
Rii LED Keyboard ,Keyboard
Logitech Keyboard,Keyboard
Backlit LED Gaming Keyboard,Keyboard
Dell Wired Keyboard,Keyboard
Apple Wired Keyboard,Keyboard
Apple Wireless Keyboard,Keyboard
Apple Magic Keyboard,Keyboard
Logitech MK550 Wireless Wave Keyboard and Mouse Combo,Mouse and Keyboard Combo
Logitech Desktop MK120 Mouse and keyboard Combo,Mouse and Keyboard Combo
Logitech MK270 Wireless Keyboard and Mouse Combo,Mouse and Keyboard Combo
Dell KM117 Wireless Keyboard & Mouse,Mouse and Keyboard Combo
EagleTec Wireless Combo Keyboard and Mouse ,Mouse and Keyboard Combo
Microsoft Wireless Comfort Keyboard and Mouse,Mouse and Keyboard Combo
Microsoft Wireless Desktop Keyboard and Mouse,Mouse and Keyboard Combo
Rii LED Gaming Keyboard & Mouse Combo ,Mouse and Keyboard Combo
Logitech MK360 Wireless Keyboard and Mouse Combo,Mouse and Keyboard Combo
Zombie Gaming Headset,Computer Headphones
Logitech ClearChat Headset,Computer Headphones
Panasonic On-Ear Stereo Headphones RP-HT21 ,Computer Headphones
PC Gaming Headset ,Computer Headphones
Kensington Headphones ,Computer Headphones
Logitech Stereo Headset ,Computer Headphones
Koss Home Headphones,Computer Headphones
Microsoft Headset,Computer Headphones
Ailihen Stereo Headphones,Computer Headphones
XIBERIA Gaming Headset,Computer Headphones
Apple Earpods,Active Headphones
Monster Beats By Dr Dre,Active Headphones
Otium Wireless Sports Bluetooth Headphones ,Active Headphones
Panasonic In-Ear Headphone,Active Headphones
APIE Bluetooth Headphones,Active Headphones
Philips Flexible Earhook Headphones,Active Headphones
HDMI Cable 6ft ,Accessories
Ethernet Cable ,Accessories
Etekcity Power Extension Cord Cable,Accessories
Audio Cable,Accessories
VGA Monitor Cable ,Accessories
iPhone Charger Cable,Accessories
HDMI Adapter ,Accessories
USB Cable,Accessories
Samsung Charging Cable,Accessories
Microsoft Office Home and Student 2016 ,Accessories
Computer Game,Accessories
Belkin Mouse Pad,Accessories
Large Mouse Pad,Accessories
Cambridge Bluetooth Speaker ,Speakers
JBL Splashproof Portable Bluetooth Speaker,Speakers
DOSS Touch Wireless Bluetooth,Speakers
Logitech Multimedia Speakers,Speakers
Rokono Mini Speaker,Speakers
Cyber Acoustics ,Speakers
Bose Companion Speakers,Speakers
Mackie CR Speakers,Speakers
Sonos,Speakers
Epson Printer,Printers
HP Wireless Printer,Printers
Canon Office Printer,Printers
Brother Printer,Printers
DYMO Label Manker ,Printers
Epson Black  Ink,Printers
HP Black & Tri-color Ink ,Printers
Canon Ink ,Printers
Brother Printer Toner ,Printers
DYMO Labeling Tape,Printers
Halter Acrylic Monitor Stand,Computer Stands
Height-Adjustable Standing Desk,Computer Stands
Multi Media Stand ,Computer Stands
Halter Mesh Metal Monitor Stand,Computer Stands
Full Motion Monitor Mount,Computer Stands
iPad,Computer Tablets
iPad Pro ,Computer Tablets
Fire HD Tablet,Computer Tablets
Samsung Galaxy Tab,Computer Tablets
Kindle,Computer Tablets
1TB Portable External Hard Drive ,External Hardrives
2TB Portable External Hard Drive,External Hardrives
5TB Desktop Hard Drive ,External Hardrives
Slim 2TB Portable External Hard Drive,External Hardrives
3TB Portable External Hard Drive,External Hardrives
Apple TV,Smart Home Devices
Google Home,Smart Home Devices
Smart Light Bulb,Smart Home Devices
Fire TV Stick,Smart Home Devices
Roku Express,Smart Home Devices
